id,feature,subsystem,description,value,status,implemented,wired,tested,executed,reproducible,completion_percent,evidence,runtime_entrypoint,test_coverage,security_significance,dependencies,missing_work,acceptance_criteria,verification_command,estimated_effort,priority
FT01,Aura block production,Consensus,Aura block production,Required to make the advertised protocol or operator path dependable.,IMPLEMENTED BUT UNVERIFIED,1,1,0,0,0,40,node/src/service.rs:1059,node/src/service.rs:1059,No passing production-path evidence in this audit,Safety critical,H18 build closure; relevant finding dependencies,Prove real multi-node authoring and partition recovery.,"Implemented, wired, adversarially tested, executed through the stated entrypoint and reproducible at the frozen source state; Prove real multi-node authoring and partition recovery.",cargo test -p x3-chain-node --lib,L (ordinal estimate; not a delivery promise),P1
FT02,GRANDPA finality and fork choice,Consensus,GRANDPA finality and fork choice,Required to make the advertised protocol or operator path dependable.,IMPLEMENTED BUT UNVERIFIED,1,1,0,0,0,40,node/src/service.rs:601; node/src/service.rs:1136,node/src/service.rs:601,No passing production-path evidence in this audit,Safety critical,H18 build closure; relevant finding dependencies,"Run finality, equivocation and restart tests.","Implemented, wired, adversarially tested, executed through the stated entrypoint and reproducible at the frozen source state; Run finality, equivocation and restart tests.",cargo test --workspace,L (ordinal estimate; not a delivery promise),P1
FT03,Validator rotation,Consensus,Validator rotation,Required to make the advertised protocol or operator path dependable.,PARTIAL,0,1,0,0,0,20,pallets/x3-consensus/src/lib.rs:412,pallets/x3-consensus/src/lib.rs:412,No passing production-path evidence in this audit,Safety critical,H18 build closure; relevant finding dependencies,Fix activation-delay/session mismatch (H05).,"Implemented, wired, adversarially tested, executed through the stated entrypoint and reproducible at the frozen source state; Fix activation-delay/session mismatch (H05).",cargo test --workspace,L (ordinal estimate; not a delivery promise),P1
FT04,Validator bonded stake and slashing,Consensus,Validator bonded stake and slashing,Required to make the advertised protocol or operator path dependable.,PARTIAL,0,1,0,0,0,20,pallets/x3-consensus/src/lib.rs:263,pallets/x3-consensus/src/lib.rs:263,No passing production-path evidence in this audit,Safety critical,H18 build closure; relevant finding dependencies,Authenticate offences and debit real stake; prove session removal (H04).,"Implemented, wired, adversarially tested, executed through the stated entrypoint and reproducible at the frozen source state; Authenticate offences and debit real stake; prove session removal (H04).",cargo test --workspace,L (ordinal estimate; not a delivery promise),P1
FT05,Flash finality,Consensus,Flash finality,Required to make the advertised protocol or operator path dependable.,PARTIAL,0,0,0,0,0,0,crates/flash-finality/src/lib.rs:389; node/src/service.rs:656,crates/flash-finality/src/lib.rs:389,No passing production-path evidence in this audit,Safety critical,H18 build closure; relevant finding dependencies,Authority membership and a working replacement finalizer are required (H06).,"Implemented, wired, adversarially tested, executed through the stated entrypoint and reproducible at the frozen source state; Authority membership and a working replacement finalizer are required (H06).",cargo test --workspace,L (ordinal estimate; not a delivery promise),P1
FT06,Genesis construction and live-seed validation,Consensus,Genesis construction and live-seed validation,Required to make the advertised protocol or operator path dependable.,IMPLEMENTED BUT UNVERIFIED,1,1,0,0,0,40,node/src/chain_spec.rs:760,node/src/chain_spec.rs:760,No passing production-path evidence in this audit,Safety critical,H18 build closure; relevant finding dependencies,Generate and independently validate production spec with actual operator public identities.,"Implemented, wired, adversarially tested, executed through the stated entrypoint and reproducible at the frozen source state; Generate and independently validate production spec with actual operator public identities.",cargo test --workspace,L (ordinal estimate; not a delivery promise),P1
FT07,Signed native transaction path,Transactions,Signed native transaction path,Required to make the advertised protocol or operator path dependable.,IMPLEMENTED BUT UNVERIFIED,1,1,0,0,0,40,runtime/src/lib.rs:850; node/src/rpc.rs:1050,runtime/src/lib.rs:850,No passing production-path evidence in this audit,Safety critical,H18 build closure; relevant finding dependencies,Execute wallet-to-pool-to-finalized-receipt transfer on two nodes.,"Implemented, wired, adversarially tested, executed through the stated entrypoint and reproducible at the frozen source state; Execute wallet-to-pool-to-finalized-receipt transfer on two nodes.",cargo test --workspace,L (ordinal estimate; not a delivery promise),P1
FT08,"Nonce, genesis, era replay checks",Transactions,"Nonce, genesis, era replay checks",Required to make the advertised protocol or operator path dependable.,IMPLEMENTED BUT UNVERIFIED,1,1,0,0,0,40,runtime/src/lib.rs:850,runtime/src/lib.rs:850,No passing production-path evidence in this audit,Safety critical,H18 build closure; relevant finding dependencies,"Exercise wrong-chain, stale era, duplicate and concurrent nonces.","Implemented, wired, adversarially tested, executed through the stated entrypoint and reproducible at the frozen source state; Exercise wrong-chain, stale era, duplicate and concurrent nonces.",cargo test --workspace,L (ordinal estimate; not a delivery promise),P1
FT09,Transaction pool limits and ordering,Transactions,Transaction pool limits and ordering,Required to make the advertised protocol or operator path dependable.,PARTIAL,0,1,0,0,0,20,node/src/service.rs:589; node/src/service.rs:371,node/src/service.rs:589,No passing production-path evidence in this audit,Safety critical,H18 build closure; relevant finding dependencies,Preserve operator limits and measure spam/eviction behavior.,"Implemented, wired, adversarially tested, executed through the stated entrypoint and reproducible at the frozen source state; Preserve operator limits and measure spam/eviction behavior.",cargo test --workspace,L (ordinal estimate; not a delivery promise),P1
FT10,Fee charging and refunds,Transactions,Fee charging and refunds,Required to make the advertised protocol or operator path dependable.,IMPLEMENTED BUT UNVERIFIED,1,1,0,0,0,40,runtime/src/lib.rs:1091,runtime/src/lib.rs:1091,No passing production-path evidence in this audit,Safety critical,H18 build closure; relevant finding dependencies,"Reconcile charged fee, treasury credit, burn and failed-call refunds.","Implemented, wired, adversarially tested, executed through the stated entrypoint and reproducible at the frozen source state; Reconcile charged fee, treasury credit, burn and failed-call refunds.",cargo test --workspace,L (ordinal estimate; not a delivery promise),P1
FT11,Ethereum raw transaction RPC,Transactions,Ethereum raw transaction RPC,Required to make the advertised protocol or operator path dependable.,PARTIAL,0,1,0,0,0,20,node/src/rpc_frontier.rs:457,node/src/rpc_frontier.rs:457,No passing production-path evidence in this audit,Safety critical,H18 build closure; relevant finding dependencies,Replace custom query execution with signed pool submission (H08).,"Implemented, wired, adversarially tested, executed through the stated entrypoint and reproducible at the frozen source state; Replace custom query execution with signed pool submission (H08).",cargo test --workspace,L (ordinal estimate; not a delivery promise),P1
FT12,Canonical FRAME storage,State,Canonical FRAME storage,Required to make the advertised protocol or operator path dependable.,IMPLEMENTED BUT UNVERIFIED,1,1,0,0,0,40,node/src/service.rs:567; runtime/src/lib.rs:834,node/src/service.rs:567,No passing production-path evidence in this audit,Safety critical,H18 build closure; relevant finding dependencies,"Crash/restart, state-root reconstruction and corrupted database drills.","Implemented, wired, adversarially tested, executed through the stated entrypoint and reproducible at the frozen source state; Crash/restart, state-root reconstruction and corrupted database drills.",cargo test --workspace,L (ordinal estimate; not a delivery promise),P1
FT13,Storage upgrade migrations,State,Storage upgrade migrations,Required to make the advertised protocol or operator path dependable.,BLOCKED,1,1,0,0,0,40,runtime/src/lib.rs:826,runtime/src/lib.rs:826,No passing production-path evidence in this audit,Safety critical,H18 build closure; relevant finding dependencies,Run ordered old-schema upgrade and reverse/recovery proofs; full build blocked.,"Implemented, wired, adversarially tested, executed through the stated entrypoint and reproducible at the frozen source state; Run ordered old-schema upgrade and reverse/recovery proofs; full build blocked.",cargo test --workspace,L (ordinal estimate; not a delivery promise),P1
FT14,Supply conservation ledger,State,Supply conservation ledger,Required to make the advertised protocol or operator path dependable.,PARTIAL,0,1,0,0,0,20,pallets/x3-supply-ledger/src/lib.rs:158,pallets/x3-supply-ledger/src/lib.rs:158,No passing production-path evidence in this audit,Safety critical,H18 build closure; relevant finding dependencies,Bound finalization work and run cross-domain conservation properties (H16).,"Implemented, wired, adversarially tested, executed through the stated entrypoint and reproducible at the frozen source state; Bound finalization work and run cross-domain conservation properties (H16).",cargo test --workspace,L (ordinal estimate; not a delivery promise),P1
FT15,Snapshot backup and restoration,State,Snapshot backup and restoration,Required to make the advertised protocol or operator path dependable.,PARTIAL,0,1,0,0,0,20,scripts/snapshot-restore.sh:130,scripts/snapshot-restore.sh:130,No passing production-path evidence in this audit,Safety critical,H18 build closure; relevant finding dependencies,Authenticate snapshot and validate restored finalized state (M04).,"Implemented, wired, adversarially tested, executed through the stated entrypoint and reproducible at the frozen source state; Authenticate snapshot and validate restored finalized state (M04).",cargo test --workspace,L (ordinal estimate; not a delivery promise),P1
FT16,Atomic rollback state provenance,State,Atomic rollback state provenance,Required to make the advertised protocol or operator path dependable.,PARTIAL,0,1,0,0,0,20,pallets/x3-atomic-kernel/src/lib.rs:1030,pallets/x3-atomic-kernel/src/lib.rs:1030,No passing production-path evidence in this audit,Safety critical,H18 build closure; relevant finding dependencies,Reject unauthenticated diffs and demonstrate complete rollback (C03).,"Implemented, wired, adversarially tested, executed through the stated entrypoint and reproducible at the frozen source state; Reject unauthenticated diffs and demonstrate complete rollback (C03).",cargo test --workspace,L (ordinal estimate; not a delivery promise),P1
FT17,Signature primitives and key custody,Crypto,Signature primitives and key custody,Required to make the advertised protocol or operator path dependable.,IMPLEMENTED BUT UNVERIFIED,1,1,0,0,0,40,node/src/service.rs:323; runtime/src/lib.rs:141,node/src/service.rs:323,No passing production-path evidence in this audit,Safety critical,H18 build closure; relevant finding dependencies,Prove hardware/custody signing and key rotation without dev fallback.,"Implemented, wired, adversarially tested, executed through the stated entrypoint and reproducible at the frozen source state; Prove hardware/custody signing and key rotation without dev fallback.",cargo test --workspace,L (ordinal estimate; not a delivery promise),P1
FT18,Dependency advisory handling,Crypto,Dependency advisory handling,Required to make the advertised protocol or operator path dependable.,PARTIAL,0,1,0,0,0,20,.cargo/audit.toml:1; evidence/advisories-unfiltered.json,.cargo/audit.toml:1,No passing production-path evidence in this audit,Safety critical,H18 build closure; relevant finding dependencies,Triage all 53 advisory/package matches against shipped binaries (H15).,"Implemented, wired, adversarially tested, executed through the stated entrypoint and reproducible at the frozen source state; Triage all 53 advisory/package matches against shipped binaries (H15).",cargo test --workspace,L (ordinal estimate; not a delivery promise),P1
FT19,P2P networking and sync,Networking,P2P networking and sync,Required to make the advertised protocol or operator path dependable.,IMPLEMENTED BUT UNVERIFIED,1,1,0,0,0,40,node/src/service.rs:881,node/src/service.rs:881,No passing production-path evidence in this audit,Operational integrity,H18 build closure; relevant finding dependencies,"Four-node discovery, catch-up, reconnection and resource-exhaustion tests.","Implemented, wired, adversarially tested, executed through the stated entrypoint and reproducible at the frozen source state; Four-node discovery, catch-up, reconnection and resource-exhaustion tests.",cargo test --workspace,L (ordinal estimate; not a delivery promise),P1
FT20,Bootstrap helper configuration,Networking,Bootstrap helper configuration,Required to make the advertised protocol or operator path dependable.,DISCONNECTED,1,0,0,0,0,20,node/src/network.rs:9,node/src/network.rs:9,No passing production-path evidence in this audit,Operational integrity,H18 build closure; relevant finding dependencies,Prove helper configuration is consumed by service; service uses sc_network configuration.,"Implemented, wired, adversarially tested, executed through the stated entrypoint and reproducible at the frozen source state; Prove helper configuration is consumed by service; service uses sc_network configuration.",cargo test --workspace,L (ordinal estimate; not a delivery promise),P1
FT21,PoH import verification,Networking,PoH import verification,Required to make the advertised protocol or operator path dependable.,PARTIAL,0,0,0,0,0,0,node/src/service.rs:943,node/src/service.rs:943,No passing production-path evidence in this audit,Operational integrity,H18 build closure; relevant finding dependencies,Prove all peer import paths validate consistent PoH rules before opting in.,"Implemented, wired, adversarially tested, executed through the stated entrypoint and reproducible at the frozen source state; Prove all peer import paths validate consistent PoH rules before opting in.",cargo test --workspace,L (ordinal estimate; not a delivery promise),P1
FT22,RPC limiter algorithm (narrow scope),Networking,RPC limiter algorithm (narrow scope),Required to make the advertised protocol or operator path dependable.,VERIFIED,1,1,1,1,1,100,node/src/rpc_middleware.rs:395; evidence/rpc-harness.log,node/src/rpc_middleware.rs:395,Observed passing for scoped behavior,Operational integrity,H18 build closure; relevant finding dependencies,Retain unit evidence; whole-node abuse resistance remains separate.,"Implemented, wired, adversarially tested, executed through the stated entrypoint and reproducible at the frozen source state; Retain unit evidence; whole-node abuse resistance remains separate.",cargo test --manifest-path audit-harness/rpc/Cargo.toml,L (ordinal estimate; not a delivery promise),P1
FT23,WASM mini-EVM persistent execution,VM,WASM mini-EVM persistent execution,Required to make the advertised protocol or operator path dependable.,PARTIAL,0,1,0,0,0,20,crates/evm-integration/src/mini_evm.rs:102,crates/evm-integration/src/mini_evm.rs:102,No passing production-path evidence in this audit,Safety critical,H18 build closure; relevant finding dependencies,Use actual accounts/state/caller/gas persistence (H07).,"Implemented, wired, adversarially tested, executed through the stated entrypoint and reproducible at the frozen source state; Use actual accounts/state/caller/gas persistence (H07).",cargo test --workspace,L (ordinal estimate; not a delivery promise),P1
FT24,SVM execution and account context,VM,SVM execution and account context,Required to make the advertised protocol or operator path dependable.,PARTIAL,0,1,0,0,0,20,pallets/x3-kernel/src/wasm_adapters.rs:86,pallets/x3-kernel/src/wasm_adapters.rs:86,No passing production-path evidence in this audit,Safety critical,H18 build closure; relevant finding dependencies,"Pass real account input, slot, blockhash and signer context; prove CPI and persistence.","Implemented, wired, adversarially tested, executed through the stated entrypoint and reproducible at the frozen source state; Pass real account input, slot, blockhash and signer context; prove CPI and persistence.",cargo test --workspace,L (ordinal estimate; not a delivery promise),P1
FT25,X3 VM runtime,VM,X3 VM runtime,Required to make the advertised protocol or operator path dependable.,IMPLEMENTED BUT UNVERIFIED,1,1,0,0,0,40,pallets/x3-kernel/src/wasm_adapters.rs:182,pallets/x3-kernel/src/wasm_adapters.rs:182,No passing production-path evidence in this audit,Safety critical,H18 build closure; relevant finding dependencies,Prove runtime adapter semantics and differential native/WASM determinism.,"Implemented, wired, adversarially tested, executed through the stated entrypoint and reproducible at the frozen source state; Prove runtime adapter semantics and differential native/WASM determinism.",cargo test --workspace,L (ordinal estimate; not a delivery promise),P1
FT26,X3 Python parser and typechecker,VM,X3 Python parser and typechecker,Required to make the advertised protocol or operator path dependable.,VERIFIED,1,1,1,1,1,100,x3-lang/cli.py:1; evidence/dsl-tests.log; evidence/dsl-cli.log,x3-lang/cli.py:1,Observed passing for scoped behavior,Safety critical,H18 build closure; relevant finding dependencies,Parsing/typing only: does not prove trade execution.,"Implemented, wired, adversarially tested, executed through the stated entrypoint and reproducible at the frozen source state; Parsing/typing only: does not prove trade execution.",/usr/bin/python3 -m pytest x3-lang/tests/test_parser.py x3-lang/tests/test_typechecker.py,L (ordinal estimate; not a delivery promise),P1
FT27,X3 emitter and execution pipeline,VM,X3 emitter and execution pipeline,Required to make the advertised protocol or operator path dependable.,PARTIAL,0,1,0,0,0,20,x3-lang/emitter/x3.py:60,x3-lang/emitter/x3.py:60,No passing production-path evidence in this audit,Safety critical,H18 build closure; relevant finding dependencies,Fix four failed emitter tests with authentic proof fixtures (M05).,"Implemented, wired, adversarially tested, executed through the stated entrypoint and reproducible at the frozen source state; Fix four failed emitter tests with authentic proof fixtures (M05).",cargo test --workspace,L (ordinal estimate; not a delivery promise),P1
FT28,Rust compiler tracks,VM,Rust compiler tracks,Required to make the advertised protocol or operator path dependable.,IMPLEMENTED BUT UNVERIFIED,1,0,0,0,0,20,crates/x3-compiler/Cargo.toml:1; x3-lang/compiler/src/lib.rs:1,crates/x3-compiler/Cargo.toml:1,No passing production-path evidence in this audit,Safety critical,H18 build closure; relevant finding dependencies,Reconcile separate workspaces and verify bytecode parity against actual VM.,"Implemented, wired, adversarially tested, executed through the stated entrypoint and reproducible at the frozen source state; Reconcile separate workspaces and verify bytecode parity against actual VM.",cargo test --workspace,L (ordinal estimate; not a delivery promise),P1
FT29,Internal cross-VM representation router,Cross-chain,Internal cross-VM representation router,Required to make the advertised protocol or operator path dependable.,IMPLEMENTED BUT UNVERIFIED,1,1,0,0,0,40,pallets/x3-cross-vm-router/src/lib.rs:1,pallets/x3-cross-vm-router/src/lib.rs:1,No passing production-path evidence in this audit,Safety critical,H18 build closure; relevant finding dependencies,Run six-route conservation/rollback matrix through full runtime.,"Implemented, wired, adversarially tested, executed through the stated entrypoint and reproducible at the frozen source state; Run six-route conservation/rollback matrix through full runtime.",cargo test --workspace,L (ordinal estimate; not a delivery promise),P1
FT30,Atomic bundle orchestration / Atomic Lock,Cross-chain,Atomic bundle orchestration / Atomic Lock,Required to make the advertised protocol or operator path dependable.,PARTIAL,0,1,0,0,0,20,pallets/x3-atomic-kernel/src/lib.rs:839,pallets/x3-atomic-kernel/src/lib.rs:839,No passing production-path evidence in this audit,Safety critical,H18 build closure; relevant finding dependencies,Close C02/C03 before treating a PoAE hash as proof.,"Implemented, wired, adversarially tested, executed through the stated entrypoint and reproducible at the frozen source state; Close C02/C03 before treating a PoAE hash as proof.",cargo test --workspace,L (ordinal estimate; not a delivery promise),P1
FT31,Settlement timeout and refund engine,Cross-chain,Settlement timeout and refund engine,Required to make the advertised protocol or operator path dependable.,PARTIAL,0,1,0,0,0,20,pallets/x3-settlement-engine/src/lib.rs:1350,pallets/x3-settlement-engine/src/lib.rs:1350,No passing production-path evidence in this audit,Safety critical,H18 build closure; relevant finding dependencies,Authenticate receipt/finality inputs; prove timely refunds under load.,"Implemented, wired, adversarially tested, executed through the stated entrypoint and reproducible at the frozen source state; Authenticate receipt/finality inputs; prove timely refunds under load.",cargo test --workspace,L (ordinal estimate; not a delivery promise),P1
FT32,External header finality oracle,Cross-chain,External header finality oracle,Required to make the advertised protocol or operator path dependable.,PLACEHOLDER,0,1,0,0,0,20,pallets/cross-chain-validator/src/lib.rs:332,pallets/cross-chain-validator/src/lib.rs:332,No passing production-path evidence in this audit,Safety critical,H18 build closure; relevant finding dependencies,Replace structural header and byte-count quorum checks (C01).,"Implemented, wired, adversarially tested, executed through the stated entrypoint and reproducible at the frozen source state; Replace structural header and byte-count quorum checks (C01).",cargo test --workspace,L (ordinal estimate; not a delivery promise),P1
FT33,Production EVM receipt proof route,Cross-chain,Production EVM receipt proof route,Required to make the advertised protocol or operator path dependable.,PARTIAL,0,1,0,0,0,20,crates/x3-verification-router/src/evm_receipt.rs:737,crates/x3-verification-router/src/evm_receipt.rs:737,No passing production-path evidence in this audit,Safety critical,H18 build closure; relevant finding dependencies,Trusted receipts root and canonical inclusion/receipt-value binding (H02).,"Implemented, wired, adversarially tested, executed through the stated entrypoint and reproducible at the frozen source state; Trusted receipts root and canonical inclusion/receipt-value binding (H02).",cargo test --workspace,L (ordinal estimate; not a delivery promise),P1
FT34,Solana finalized proof route,Cross-chain,Solana finalized proof route,Required to make the advertised protocol or operator path dependable.,PLACEHOLDER,0,1,0,0,0,20,crates/x3-verification-router/src/lib.rs:355,crates/x3-verification-router/src/lib.rs:355,No passing production-path evidence in this audit,Safety critical,H18 build closure; relevant finding dependencies,Replace nonempty check with authenticated finality and event proofs (H01).,"Implemented, wired, adversarially tested, executed through the stated entrypoint and reproducible at the frozen source state; Replace nonempty check with authenticated finality and event proofs (H01).",cargo test --workspace,L (ordinal estimate; not a delivery promise),P1
FT35,Validator quorum proof route,Cross-chain,Validator quorum proof route,Required to make the advertised protocol or operator path dependable.,PLACEHOLDER,0,1,0,0,0,20,crates/x3-verification-router/src/lib.rs:323,crates/x3-verification-router/src/lib.rs:323,No passing production-path evidence in this audit,Safety critical,H18 build closure; relevant finding dependencies,Verify distinct authorized signatures over exact envelope (H01).,"Implemented, wired, adversarially tested, executed through the stated entrypoint and reproducible at the frozen source state; Verify distinct authorized signatures over exact envelope (H01).",cargo test --workspace,L (ordinal estimate; not a delivery promise),P1
FT36,Bitcoin SPV route,Cross-chain,Bitcoin SPV route,Required to make the advertised protocol or operator path dependable.,PARTIAL,0,1,0,0,0,20,crates/x3-verification-router/src/lib.rs:545,crates/x3-verification-router/src/lib.rs:545,No passing production-path evidence in this audit,Safety critical,H18 build closure; relevant finding dependencies,"Verify best-work chain, correct confirmation height and locked output (H03).","Implemented, wired, adversarially tested, executed through the stated entrypoint and reproducible at the frozen source state; Verify best-work chain, correct confirmation height and locked output (H03).",cargo test --workspace,L (ordinal estimate; not a delivery promise),P1
FT37,Bitcoin vault approvals,Cross-chain,Bitcoin vault approvals,Required to make the advertised protocol or operator path dependable.,PLACEHOLDER,0,0,0,0,0,0,crates/x3-bitcoin-vault/src/lib.rs:324,crates/x3-bitcoin-vault/src/lib.rs:324,No passing production-path evidence in this audit,Safety critical,H18 build closure; relevant finding dependencies,Replace call-count progression and unverified signatures (H03).,"Implemented, wired, adversarially tested, executed through the stated entrypoint and reproducible at the frozen source state; Replace call-count progression and unverified signatures (H03).",cargo test --workspace,L (ordinal estimate; not a delivery promise),P1
FT38,Relayer binary delivery,Cross-chain,Relayer binary delivery,Required to make the advertised protocol or operator path dependable.,PARTIAL,0,1,0,0,0,20,crates/x3-relayer/src/main.rs:1442,crates/x3-relayer/src/main.rs:1442,No passing production-path evidence in this audit,Safety critical,H18 build closure; relevant finding dependencies,Persist retries/cursors and prove finalized proof submission (H09/H10).,"Implemented, wired, adversarially tested, executed through the stated entrypoint and reproducible at the frozen source state; Persist retries/cursors and prove finalized proof submission (H09/H10).",cargo test --workspace,L (ordinal estimate; not a delivery promise),P1
FT39,Relayer typed submission library,Cross-chain,Relayer typed submission library,Required to make the advertised protocol or operator path dependable.,PARTIAL,0,1,0,0,0,20,crates/x3-relayer/src/submitter.rs:568,crates/x3-relayer/src/submitter.rs:568,No passing production-path evidence in this audit,Safety critical,H18 build closure; relevant finding dependencies,Use correct metadata/custody/signed-extension serialization (H09).,"Implemented, wired, adversarially tested, executed through the stated entrypoint and reproducible at the frozen source state; Use correct metadata/custody/signed-extension serialization (H09).",cargo test --workspace,L (ordinal estimate; not a delivery promise),P1
FT40,EVM HTLC contract,Cross-chain,EVM HTLC contract,Required to make the advertised protocol or operator path dependable.,IMPLEMENTED BUT UNVERIFIED,1,0,0,0,0,20,X3-contracts/evm/contracts/AtlasHTLC.sol:99,X3-contracts/evm/contracts/AtlasHTLC.sol:99,No passing production-path evidence in this audit,Safety critical,H18 build closure; relevant finding dependencies,Run claim/refund/expiry/reentrancy and nonstandard-token accounting tests.,"Implemented, wired, adversarially tested, executed through the stated entrypoint and reproducible at the frozen source state; Run claim/refund/expiry/reentrancy and nonstandard-token accounting tests.",forge test --root X3-contracts/evm,L (ordinal estimate; not a delivery promise),P1
FT41,SVM HTLC contract,Cross-chain,SVM HTLC contract,Required to make the advertised protocol or operator path dependable.,IMPLEMENTED BUT UNVERIFIED,1,0,0,0,0,20,X3-contracts/svm/programs/x3_htlc/src/lib.rs:1,X3-contracts/svm/programs/x3_htlc/src/lib.rs:1,No passing production-path evidence in this audit,Safety critical,H18 build closure; relevant finding dependencies,Compile Anchor program and prove local validator claim/refund parity.,"Implemented, wired, adversarially tested, executed through the stated entrypoint and reproducible at the frozen source state; Compile Anchor program and prove local validator claim/refund parity.",anchor test,L (ordinal estimate; not a delivery promise),P1
FT42,External EVM proof verifier contract,Cross-chain,External EVM proof verifier contract,Required to make the advertised protocol or operator path dependable.,PARTIAL,0,0,0,0,0,0,X3-contracts/evm/contracts/EvmReceiptVerifier.sol:205,X3-contracts/evm/contracts/EvmReceiptVerifier.sol:205,No passing production-path evidence in this audit,Safety critical,H18 build closure; relevant finding dependencies,Implement actual signature verification without mode bypass (H17).,"Implemented, wired, adversarially tested, executed through the stated entrypoint and reproducible at the frozen source state; Implement actual signature verification without mode bypass (H17).",cargo test --workspace,L (ordinal estimate; not a delivery promise),P1
FT43,Solver marketplace and intent routing,Cross-chain,Solver marketplace and intent routing,Required to make the advertised protocol or operator path dependable.,IMPLEMENTED BUT UNVERIFIED,1,0,0,0,0,20,crates/x3-intent/Cargo.toml:1; pallets/atomic-trade-engine/src/lib.rs:1,crates/x3-intent/Cargo.toml:1,No passing production-path evidence in this audit,Safety critical,H18 build closure; relevant finding dependencies,Trace signed intent to competing solver selection and bonded settlement.,"Implemented, wired, adversarially tested, executed through the stated entrypoint and reproducible at the frozen source state; Trace signed intent to competing solver selection and bonded settlement.",cargo test --workspace,L (ordinal estimate; not a delivery promise),P1
FT44,Validator attestation / proof ledger,Cross-chain,Validator attestation / proof ledger,Required to make the advertised protocol or operator path dependable.,PARTIAL,0,1,0,0,0,20,crates/x3-validator-attestation/src/lib.rs:1; pallets/x3-atomic-kernel/src/lib.rs:1416,crates/x3-validator-attestation/src/lib.rs:1,No passing production-path evidence in this audit,Safety critical,H18 build closure; relevant finding dependencies,"Bind signer set, execution evidence and finality to authenticated runtime state.","Implemented, wired, adversarially tested, executed through the stated entrypoint and reproducible at the frozen source state; Bind signer set, execution evidence and finality to authenticated runtime state.",cargo test --workspace,L (ordinal estimate; not a delivery promise),P1
FT45,REST/GraphQL gateway,Operations,REST/GraphQL gateway,Required to make the advertised protocol or operator path dependable.,DISCONNECTED,0,0,0,0,0,0,crates/x3-gateway/src/main.rs:1,crates/x3-gateway/src/main.rs:1,No passing production-path evidence in this audit,Operational integrity,H18 build closure; relevant finding dependencies,"Wire executable configuration, DB/router/HTTP server (H11).","Implemented, wired, adversarially tested, executed through the stated entrypoint and reproducible at the frozen source state; Wire executable configuration, DB/router/HTTP server (H11).",cargo test --workspace,L (ordinal estimate; not a delivery promise),P1
FT46,SQL indexer and migrations,Operations,SQL indexer and migrations,Required to make the advertised protocol or operator path dependable.,DISCONNECTED,1,0,0,0,0,20,crates/x3-gateway/src/db.rs:1,crates/x3-gateway/src/db.rs:1,No passing production-path evidence in this audit,Operational integrity,H18 build closure; relevant finding dependencies,Activate indexer and migrate disposable DB end to end; gateway modules not compiled.,"Implemented, wired, adversarially tested, executed through the stated entrypoint and reproducible at the frozen source state; Activate indexer and migrate disposable DB end to end; gateway modules not compiled.",cargo test --workspace,L (ordinal estimate; not a delivery promise),P1
FT47,Metrics / chain health monitoring,Observability,Metrics / chain health monitoring,Required to make the advertised protocol or operator path dependable.,PARTIAL,0,1,0,0,0,20,node/src/metrics.rs:1; crates/x3-gateway/src/rest.rs:248,node/src/metrics.rs:1,No passing production-path evidence in this audit,Operational integrity,H18 build closure; relevant finding dependencies,"Measure dependency health, finality lag and sink delivery (M03).","Implemented, wired, adversarially tested, executed through the stated entrypoint and reproducible at the frozen source state; Measure dependency health, finality lag and sink delivery (M03).",cargo test --workspace,L (ordinal estimate; not a delivery promise),P1
FT48,Security and accounting event consumers,Observability,Security and accounting event consumers,Required to make the advertised protocol or operator path dependable.,DISCONNECTED,0,0,0,0,0,0,runtime/src/lib.rs:11,runtime/src/lib.rs:11,No passing production-path evidence in this audit,Operational integrity,H18 build closure; relevant finding dependencies,Implement durable consumer wiring; logs explicitly report dropped events.,"Implemented, wired, adversarially tested, executed through the stated entrypoint and reproducible at the frozen source state; Implement durable consumer wiring; logs explicitly report dropped events.",cargo test --workspace,L (ordinal estimate; not a delivery promise),P1
FT49,"DEX, Forge and LP locker",Governance,"DEX, Forge and LP locker",Required to make the advertised protocol or operator path dependable.,IMPLEMENTED BUT UNVERIFIED,1,1,0,0,0,40,pallets/x3-dex/src/lib.rs:1; pallets/x3-token-factory/src/lib.rs:1; pallets/x3-lp-locker/src/lib.rs:1,pallets/x3-dex/src/lib.rs:1,No passing production-path evidence in this audit,Operational integrity,H18 build closure; relevant finding dependencies,Verify swaps/mints/locks/fees and EconomicHalt under full runtime.,"Implemented, wired, adversarially tested, executed through the stated entrypoint and reproducible at the frozen source state; Verify swaps/mints/locks/fees and EconomicHalt under full runtime.",cargo test --workspace,L (ordinal estimate; not a delivery promise),P1
FT50,Sentinel and economic halt,Governance,Sentinel and economic halt,Required to make the advertised protocol or operator path dependable.,PARTIAL,0,1,0,0,0,20,pallets/x3-sentinel/src/lib.rs:1; pallets/x3-invariants/src/lib.rs:618,pallets/x3-sentinel/src/lib.rs:1,No passing production-path evidence in this audit,Operational integrity,H18 build closure; relevant finding dependencies,Prove halt scope covers privileged/unsigned paths and refunds remain available.,"Implemented, wired, adversarially tested, executed through the stated entrypoint and reproducible at the frozen source state; Prove halt scope covers privileged/unsigned paths and refunds remain available.",cargo test --workspace,L (ordinal estimate; not a delivery promise),P1
FT51,Council / treasury / upgrades,Governance,Council / treasury / upgrades,Required to make the advertised protocol or operator path dependable.,IMPLEMENTED BUT UNVERIFIED,1,1,0,0,0,40,runtime/src/lib.rs:543; runtime/src/lib.rs:826,runtime/src/lib.rs:543,No passing production-path evidence in this audit,Operational integrity,H18 build closure; relevant finding dependencies,"Prove threshold, timelock, session/treasury separation and upgrade recovery.","Implemented, wired, adversarially tested, executed through the stated entrypoint and reproducible at the frozen source state; Prove threshold, timelock, session/treasury separation and upgrade recovery.",cargo test --workspace,L (ordinal estimate; not a delivery promise),P1
FT52,Wallet / biometric / recovery pallet,Crypto,Wallet / biometric / recovery pallet,Required to make the advertised protocol or operator path dependable.,PARTIAL,0,1,0,0,0,20,pallets/x3-wallet-pallet/src/lib.rs:263,pallets/x3-wallet-pallet/src/lib.rs:263,No passing production-path evidence in this audit,Safety critical,H18 build closure; relevant finding dependencies,"Independently audit recovery authorization, privacy and biometric replay resistance.","Implemented, wired, adversarially tested, executed through the stated entrypoint and reproducible at the frozen source state; Independently audit recovery authorization, privacy and biometric replay resistance.",cargo test --workspace,L (ordinal estimate; not a delivery promise),P1
FT53,TypeScript SDK encoding,Transactions,TypeScript SDK encoding,Required to make the advertised protocol or operator path dependable.,PLACEHOLDER,0,1,0,0,0,20,packages/ts-sdk/src/evm.ts:154; packages/ts-sdk/src/svm.ts:230,packages/ts-sdk/src/evm.ts:154,No passing production-path evidence in this audit,Safety critical,H18 build closure; relevant finding dependencies,"Canonical selectors, addresses and account-message compilation (H12).","Implemented, wired, adversarially tested, executed through the stated entrypoint and reproducible at the frozen source state; Canonical selectors, addresses and account-message compilation (H12).",cargo test --workspace,L (ordinal estimate; not a delivery promise),P1
FT54,Desktop / Tauri OS network integration,Operations,Desktop / Tauri OS network integration,Required to make the advertised protocol or operator path dependable.,PARTIAL,0,1,0,0,0,20,apps/x3-desktop/src/blockchain/ChainManager.ts:59; apps/tauri-os/package.json:1,apps/x3-desktop/src/blockchain/ChainManager.ts:59,No passing production-path evidence in this audit,Operational integrity,H18 build closure; relevant finding dependencies,Repair default network lookup; render and verify real signing/receipt flows (M06).,"Implemented, wired, adversarially tested, executed through the stated entrypoint and reproducible at the frozen source state; Repair default network lookup; render and verify real signing/receipt flows (M06).",cargo test --workspace,L (ordinal estimate; not a delivery promise),P1
FT55,GPU / swarm orchestration,Operations,GPU / swarm orchestration,Required to make the advertised protocol or operator path dependable.,PARTIAL,0,0,0,0,0,0,node/src/service.rs:1244; crates/x3-swarm-core/Cargo.toml:1,node/src/service.rs:1244,No passing production-path evidence in this audit,Operational integrity,H18 build closure; relevant finding dependencies,"Prove actual workload execution, required-feature startup failure and restart behavior.","Implemented, wired, adversarially tested, executed through the stated entrypoint and reproducible at the frozen source state; Prove actual workload execution, required-feature startup failure and restart behavior.",cargo test --workspace,L (ordinal estimate; not a delivery promise),P1
FT56,CI test quality and coverage,Tests,CI test quality and coverage,Required to make the advertised protocol or operator path dependable.,PARTIAL,0,1,0,0,0,20,Makefile:19; node/src/service.rs:2664,Makefile:19,No passing production-path evidence in this audit,Operational integrity,H18 build closure; relevant finding dependencies,Stop swallowed failures and require real multi-node tests (H13/M02).,"Implemented, wired, adversarially tested, executed through the stated entrypoint and reproducible at the frozen source state; Stop swallowed failures and require real multi-node tests (H13/M02).",cargo test --workspace,L (ordinal estimate; not a delivery promise),P1
FT57,Workspace build / release reproducibility,Deployment,Workspace build / release reproducibility,Required to make the advertised protocol or operator path dependable.,BLOCKED,0,0,0,0,0,0,evidence/check-complete.log; rust-toolchain.toml:3,evidence/check-complete.log,No passing production-path evidence in this audit,Operational integrity,H18 build closure; relevant finding dependencies,Resolve duplicate-core WASM failure and reproduce artifacts (H18).,"Implemented, wired, adversarially tested, executed through the stated entrypoint and reproducible at the frozen source state; Resolve duplicate-core WASM failure and reproduce artifacts (H18).",cargo test --workspace,L (ordinal estimate; not a delivery promise),P1
FT58,Fresh-machine bootstrap,Deployment,Fresh-machine bootstrap,Required to make the advertised protocol or operator path dependable.,BLOCKED,0,0,0,0,0,0,scripts/fresh_machine_check.sh:5; Makefile:61,scripts/fresh_machine_check.sh:5,No passing production-path evidence in this audit,Operational integrity,H18 build closure; relevant finding dependencies,Pin toolchain/dependencies and correct package/target names (L01).,"Implemented, wired, adversarially tested, executed through the stated entrypoint and reproducible at the frozen source state; Pin toolchain/dependencies and correct package/target names (L01).",cargo test --workspace,L (ordinal estimate; not a delivery promise),P1
FT59,Deployment isolation and validator services,Operations,Deployment isolation and validator services,Required to make the advertised protocol or operator path dependable.,IMPLEMENTED BUT UNVERIFIED,1,1,0,0,0,40,packaging/systemd/x3-validator.service:1,packaging/systemd/x3-validator.service:1,No passing production-path evidence in this audit,Operational integrity,H18 build closure; relevant finding dependencies,Run least-privilege validator installation and backup/restore rehearsal.,"Implemented, wired, adversarially tested, executed through the stated entrypoint and reproducible at the frozen source state; Run least-privilege validator installation and backup/restore rehearsal.",cargo test --workspace,L (ordinal estimate; not a delivery promise),P1
FT60,Sustained finalized TPS evidence,Performance,Sustained finalized TPS evidence,Required to make the advertised protocol or operator path dependable.,MISSING,0,0,0,0,0,0,crates/x3-bench/src/runner.rs:251,crates/x3-bench/src/runner.rs:251,No passing production-path evidence in this audit,Operational integrity,H18 build closure; relevant finding dependencies,Run controlled network workload; compiler throughput is not chain TPS (M07).,"Implemented, wired, adversarially tested, executed through the stated entrypoint and reproducible at the frozen source state; Run controlled network workload; compiler throughput is not chain TPS (M07).",cargo test --workspace,L (ordinal estimate; not a delivery promise),P3
FT61,Mainnet / ProofGate enforcement,Proof gates,Mainnet / ProofGate enforcement,Required to make the advertised protocol or operator path dependable.,PARTIAL,0,1,0,0,0,20,scripts/mainnet_release_gate.py:84; Makefile:19,scripts/mainnet_release_gate.py:84,No passing production-path evidence in this audit,Operational integrity,H18 build closure; relevant finding dependencies,Bind every gate to source/features/artifacts and propagate failures (H13/H14).,"Implemented, wired, adversarially tested, executed through the stated entrypoint and reproducible at the frozen source state; Bind every gate to source/features/artifacts and propagate failures (H13/H14).",cargo test --workspace,L (ordinal estimate; not a delivery promise),P1
FT62,Documentation accuracy / scoreboard,Documentation,Documentation accuracy / scoreboard,Required to make the advertised protocol or operator path dependable.,PARTIAL,0,0,0,0,0,0,CURRENT_MAINNET_STATUS.md:3; FEATURE_REGISTRY.toml:18,CURRENT_MAINNET_STATUS.md:3,No passing production-path evidence in this audit,Operational integrity,H18 build closure; relevant finding dependencies,Derive operational status from fresh executable proofs (M01).,"Implemented, wired, adversarially tested, executed through the stated entrypoint and reproducible at the frozen source state; Derive operational status from fresh executable proofs (M01).",cargo test --workspace,L (ordinal estimate; not a delivery promise),P1
FT63,Public testnet recovery drill evidence,Operations,Public testnet recovery drill evidence,Required to make the advertised protocol or operator path dependable.,MISSING,0,0,0,0,0,0,node/src/service.rs:2664; scripts/snapshot-restore.sh:130,node/src/service.rs:2664,No passing production-path evidence in this audit,Operational integrity,H18 build closure; relevant finding dependencies,Produce four-validator partition/rejoin and restored finalized-state evidence.,"Implemented, wired, adversarially tested, executed through the stated entrypoint and reproducible at the frozen source state; Produce four-validator partition/rejoin and restored finalized-state evidence.",cargo test --workspace,L (ordinal estimate; not a delivery promise),P1
FT64,Independent launch approval evidence,Proof gates,Independent launch approval evidence,Required to make the advertised protocol or operator path dependable.,MISSING,0,0,0,0,0,0,LAUNCH_SCOPE.md:1,LAUNCH_SCOPE.md:1,No passing production-path evidence in this audit,Operational integrity,H18 build closure; relevant finding dependencies,"Obtain external security review, closure retest and operator-signed release decision.","Implemented, wired, adversarially tested, executed through the stated entrypoint and reproducible at the frozen source state; Obtain external security review, closure retest and operator-signed release decision.",cargo test --workspace,L (ordinal estimate; not a delivery promise),P1
